epoch,train_loss,val_loss,val_acc,test_loss,test_acc,lr
1,1.9980516989390056,2.207527746582031,0.2036,2.2071895374298096,0.2009,0.000112
2,1.8615731587092081,2.1222959781646726,0.2348,2.1199216941833496,0.237,0.000144
3,1.7691404502868653,2.0549162776947023,0.2608,2.050183448600769,0.2689,0.00017600000000000002
4,1.692508739704556,2.0024984729766846,0.281,1.9946529102325439,0.2917,0.00020800000000000004
5,1.6765088796403673,1.9583264907836915,0.302,1.9482654308319092,0.3167,0.00024000000000000003
6,1.6062585639529758,1.916586912536621,0.325,1.9053697315216065,0.3346,0.00027200000000000005
7,1.5707001280466715,1.8738349327087402,0.3378,1.8630279888153076,0.3531,0.00030400000000000007
8,1.5569637549930149,1.827204941177368,0.3598,1.8177166080474854,0.3727,0.00033600000000000004
9,1.5125472152074178,1.7787737133026122,0.3806,1.7711449626922608,0.3886,0.00036800000000000005
10,1.5087097103118896,1.7283052577972413,0.4058,1.722408967590332,0.4062,0.0004
11,1.486482456249661,1.6757745189666748,0.4298,1.671041262435913,0.4273,0.0003999726678332442
12,1.4642697822994657,1.6225943256378175,0.453,1.6191789937973022,0.4488,0.00039989067880531813
13,1.4445657369825575,1.5707632890701293,0.4758,1.5684070642471313,0.4722,0.0003997540553312035
14,1.3980533960342407,1.514800070953369,0.4958,1.5132891963958741,0.4927,0.00039956283476239393
15,1.402239712715149,1.4594604419708253,0.52,1.458905228805542,0.514,0.0003993170693766836
16,1.3549790610419379,1.4040785123825072,0.542,1.4045215591430664,0.5398,0.000399016826363875
17,1.344277925321791,1.3507444290161132,0.5654,1.3512184329986572,0.564,0.0003986621878074099
18,1.3124272497389051,1.3008070804595948,0.5818,1.3014879764556884,0.5851,0.00039825325066192866
19,1.318256996981303,1.2542932373046876,0.6002,1.2545555696487427,0.6057,0.0003977901267267636
20,1.287730371454027,1.2117394603729248,0.6194,1.211775623321533,0.6247,0.0003972729426153743
21,1.302597474140591,1.172813418006897,0.6372,1.1720684707641602,0.6391,0.00039670183972073284
22,1.302383160273234,1.1384374961853028,0.6504,1.1368805826187134,0.6539,0.00039607697417666813
23,1.247534210809072,1.1071136835098268,0.6644,1.1044077327728272,0.6671,0.0003953985168151807
24,1.2351156160990397,1.0792640535354614,0.678,1.0755165252685548,0.6809,0.0003946666531197388
25,1.2345299680497912,1.0550481008529664,0.6834,1.0504489599227906,0.6923,0.00039388158317456913
26,1.2674370535320705,1.0336133390426636,0.6932,1.0282355363845825,0.7026,0.0003930435216099559
27,1.2041799386342367,1.0130876419067383,0.7016,1.0070209051132202,0.7127,0.00039215269754356284
28,1.19135208307902,0.9945290115356445,0.707,0.9876683666229248,0.7199,0.00039120935451779484
29,1.1979873602337308,0.977038102722168,0.7158,0.9697835197448731,0.7242,0.000390213750433216
30,1.1858919635136922,0.9609825227737426,0.7232,0.9532078658103943,0.7303,0.00038916615747804187
31,1.1758104168574015,0.9465649110794068,0.7274,0.9380616748809815,0.7385,0.0003880668620537265
32,1.1495816945499844,0.9329355634689331,0.7306,0.924076902294159,0.7415,0.00038691616469666224
33,1.170562134191725,0.9207111377716064,0.7366,0.91148873462677,0.746,0.00038571437999601697
34,1.131828551917606,0.9094273056983948,0.7394,0.8998726919174195,0.7519,0.0003844618365077281
35,1.1144671023050945,0.8983254234313964,0.7456,0.8886379714012146,0.7571,0.0003831588766646787
36,1.1536949643876817,0.8884297012329102,0.7508,0.8783944068908691,0.7612,0.00038180585668308003
37,1.1456041023890178,0.8795140989303589,0.7544,0.8690518635749817,0.7648,0.00038040314646508515
38,1.1164002475526598,0.8713039831161499,0.757,0.8601621804237366,0.7702,0.00037895112949766166
39,1.0875585655212403,0.8626145997047424,0.7636,0.8510476586341857,0.7728,0.0003774502027477502
40,1.1246408265007868,0.8547809885978699,0.7674,0.8430543134689331,0.7769,0.0003759007765537375
41,1.0822705730438233,0.8470622530937195,0.771,0.8344916718482971,0.7793,0.00037430327451327413
42,1.0986771709018284,0.8402472231864929,0.7738,0.8269363065719605,0.7825,0.00037265813336746697
43,1.0648022135734558,0.8333184566497803,0.7746,0.8193584980010986,0.7877,0.0003709658028814786
44,1.093229528119829,0.826470468711853,0.7786,0.8122318952560424,0.7917,0.0003692267457215661
45,1.0163918402883743,0.8200392375946045,0.7802,0.8054351667404175,0.7934,0.0003674414373285927
46,1.0670122865888807,0.8133172222137451,0.7842,0.7986094056129456,0.7968,0.0003656103657880467
47,1.028544386545817,0.8069424291610717,0.7868,0.7925272008895874,0.7987,0.00036373403169660427
48,1.0382540167808532,0.8007035475730896,0.7896,0.7862488665580749,0.801,0.0003618129480252709
49,1.0476296807607015,0.7948889339447022,0.7912,0.7806031167030334,0.8039,0.0003598476399791404
50,1.0577070025020177,0.7893456411361695,0.7958,0.7748533390998841,0.8059,0.0003578386448538091
51,1.0267158788045248,0.784317757511139,0.7962,0.7697970027923584,0.8084,0.0003557865118884846
52,1.028686277516683,0.7793077951431274,0.8,0.7645970602035522,0.8105,0.00035369180211582916
53,0.9933861769676209,0.77445009059906,0.8018,0.7596063383102417,0.8126,0.00035155508820857914
54,1.0337855498419868,0.7700649295806885,0.8036,0.7552405331611634,0.8141,0.0003493769543229818
55,1.0297291165457831,0.7658402497291565,0.8038,0.7511969235420227,0.8149,0.0003471579959390929
56,0.9938218953662449,0.7618515298843384,0.805,0.7472009642601013,0.8155,0.0003448988196979785
57,1.0337627797444662,0.7580551820755005,0.8074,0.7433824892044067,0.8169,0.00034260004323586506
58,1.0075037201669481,0.753898270702362,0.81,0.7395915627479553,0.8202,0.00034026229501528426
59,0.9632102941513061,0.7498960641860962,0.8112,0.7361125183105469,0.8227,0.00033788621415325743
60,0.9858767198668585,0.7462131351470948,0.813,0.732724681854248,0.8239,0.00033547245024656715
61,1.004631041653951,0.7428261531829834,0.8144,0.7294931097030639,0.8245,0.00033302166319416416
62,0.9604801240285238,0.7395533508300781,0.8164,0.7265902166366577,0.8257,0.0003305345230167577
63,1.0247218794504802,0.7366405311584473,0.8186,0.7240186485290527,0.8266,0.0003280117096736383
64,0.9479326844109429,0.7337685534477234,0.8206,0.7210877631187439,0.8282,0.0003254539128767839
65,0.97499914510515,0.7305085993766784,0.8216,0.7180783989906311,0.8298,0.00032286183190229924
66,0.9279185697237651,0.7278814590454101,0.8224,0.7152106242179871,0.8301,0.000320236175399241
67,0.9530211642371283,0.7251308693885803,0.8234,0.7126464038848876,0.832,0.00031757766119588015
68,0.920320956548055,0.7226752342224121,0.8256,0.7105699887275696,0.8322,0.00031488701610345464
69,0.9528090852101644,0.7203839298248291,0.8276,0.7086135879516602,0.8326,0.00031216497571746703
70,0.9652699947569106,0.718285289478302,0.8288,0.7066610426902771,0.8333,0.0003094122842165794
71,0.9543044093026055,0.7162936341285706,0.8302,0.7046668774604797,0.8344,0.00030662969415916244
72,0.9188967358059353,0.7144499685287475,0.8294,0.7027221386909485,0.8349,0.0003038179662775541
73,0.900569445461697,0.7127682260513306,0.8308,0.7008243364334107,0.8361,0.0003009778692700821
74,0.9480892773734199,0.7109712117195129,0.8316,0.699188187789917,0.8368,0.0002981101795909102
75,0.9020888455179003,0.7092432039260864,0.8336,0.6978856439590454,0.8378,0.000295215681237763
76,0.9046195971065097,0.7072534826278687,0.833,0.6964111742019653,0.8373,0.00029229516553758877
77,0.9250583200295767,0.705660606765747,0.8344,0.6948689712524414,0.8381,0.0002893494309302188
78,0.902897125169966,0.7043657892227173,0.8342,0.693729167842865,0.8394,0.0002863792827500817
79,0.8917369728353288,0.7028836019515992,0.8362,0.6926109153747558,0.8408,0.0002833855330060334
80,0.8702689414448208,0.7010295978546143,0.8368,0.6911608400344849,0.8409,0.00028036900015936133
81,0.9029941501935324,0.6995090267181396,0.8364,0.689842039012909,0.8418,0.00027733050890002585
82,0.8904486897362603,0.6985216865539551,0.8378,0.6888890619277954,0.8425,0.00027427088992119827
83,0.9161127435896131,0.697510062789917,0.8394,0.6878613793373108,0.8437,0.00027119097969215724
84,0.8542197790781657,0.6965532105445862,0.8408,0.6871426653862,0.8438,0.00026809162022960653
85,0.8568297697491116,0.6957380252838135,0.841,0.686342137336731,0.8454,0.0002649736588674765
86,0.8869557960510254,0.6954180059432984,0.842,0.6855114274978638,0.846,0.00026183794802527076
87,0.8870668207592435,0.6952975184440613,0.844,0.684652341747284,0.8468,0.0002586853449750238
88,0.8651738718138801,0.6954056562423706,0.8444,0.6841713109970092,0.8469,0.0002555167116069309
89,0.8809998250007629,0.6956595494270325,0.8446,0.6839576572418213,0.8484,0.0002523329141937163
90,0.8539004421869913,0.695609139251709,0.8448,0.6836430727958679,0.8491,0.00024913482315380286
91,0.8440392239888509,0.6956888123512268,0.8456,0.6835815493583679,0.8495,0.00024592331281334803
92,0.8642245460775163,0.69611354637146,0.8456,0.6834609387397766,0.8488,0.0002426992611672123
93,0.8359376116434734,0.696824328994751,0.8434,0.6833440127372742,0.8492,0.0002394635496389235
94,0.8346939684285057,0.6969904609680175,0.843,0.6832475545883179,0.85,0.0002362170628397054
95,0.8451563134087456,0.6968653580665588,0.8434,0.6831305372238159,0.8504,0.0002329606883266328
96,0.8216295696258545,0.6966195484161377,0.8446,0.6830010276794434,0.8503,0.00022969531635998284
97,0.8608004567252265,0.6967242990493775,0.8448,0.6832905380249024,0.8507,0.00022642183965984673
98,0.8556357299910652,0.6968510663032532,0.8438,0.6835938369750977,0.8508,0.0002231411531620688
99,0.8112511922518413,0.6972398180007935,0.8444,0.6839694058418274,0.851,0.00021985415377358004
100,0.8285181921641032,0.6977740900039673,0.8458,0.6842516405105591,0.8512,0.00021656174012719292
101,0.821421584086948,0.6973836389541626,0.8456,0.6841178879737854,0.8527,0.00021326481233592364
102,0.7751414408153958,0.6974947058677673,0.8476,0.6842449445724488,0.8526,0.00020996427174691087
103,0.811346880308787,0.6975924413681031,0.8474,0.6843695023536682,0.8536,0.00020666102069499584
104,0.8037943951765696,0.6980756892204285,0.8472,0.6846520012855529,0.8542,0.00020335596225603338
105,0.8024538443247478,0.6984648301124573,0.8472,0.6850324576377869,0.8539,0.00020005
106,0.7972702408578661,0.6989428535461426,0.8476,0.6855916573524475,0.8535,0.00019674403774396662
107,0.8131272360165914,0.699558458328247,0.8478,0.6862099583625794,0.8538,0.00019343897930500424
108,0.8075930597941081,0.6996452219009399,0.848,0.6868126897811889,0.854,0.0001901357282530892
109,0.7792658567534553,0.7001849598884583,0.8486,0.6875844542503357,0.8539,0.00018683518766407636
110,0.7579041093349457,0.700805391216278,0.8486,0.6885428670883179,0.8544,0.00018353825987280716
111,0.7884058751636082,0.7011689021110534,0.8496,0.6893819988250732,0.8553,0.00018024584622641996
112,0.8032261737823486,0.7014861764907837,0.8506,0.6902660126686097,0.855,0.00017695884683793128
113,0.7886066169314915,0.7016740633964539,0.852,0.6912457185745239,0.8551,0.00017367816034015332
114,0.7778430166562398,0.7017282956123352,0.85,0.6923014830589295,0.8552,0.00017040468364001713
115,0.7747701649136014,0.7022600017547608,0.8498,0.6931823456764221,0.8556,0.00016713931167336722
116,0.7778424175474379,0.702716121673584,0.8512,0.6940581700325013,0.856,0.0001638829371602946
117,0.7314873686684502,0.7036061900138855,0.8516,0.6948823654174805,0.8565,0.0001606364503610765
118,0.7382919559107887,0.7045619549751282,0.8516,0.6960079850196839,0.8573,0.00015740073883278781
119,0.7454888559129503,0.7056813152313233,0.8522,0.6972611335754395,0.8567,0.00015417668718665205
120,0.7235279035621219,0.7065611973762512,0.853,0.6984210670471191,0.8569,0.0001509651768461972
121,0.7516657029469808,0.7071626071929932,0.8538,0.6992129676818848,0.8563,0.00014776708580628372
122,0.7356299918068779,0.7079600087165833,0.8534,0.7003834051132202,0.8569,0.0001445832883930692
123,0.7169544172975753,0.7089619349479676,0.8532,0.7016047430038452,0.8568,0.0001414146550249763
124,0.7313760686609481,0.709872805595398,0.8534,0.7027092304229736,0.8569,0.00013826205197472932
125,0.7337550678306156,0.7107510808944703,0.8532,0.703623410987854,0.8569,0.00013512634113252355
126,0.7193047427283393,0.7117430240631103,0.8554,0.7048706611633301,0.8566,0.00013200837977039346
127,0.7165930522706774,0.7125291777610778,0.8554,0.7061391530036927,0.8565,0.00012890902030784286
128,0.7954068118413289,0.7131443302154541,0.8552,0.7069555340766907,0.8569,0.00012582911007880178
129,0.7102952379226685,0.7146151808738709,0.855,0.7083574003219605,0.857,0.0001227694910999742
130,0.6977150590684679,0.7155967208862305,0.8544,0.7093742400169373,0.8572,0.00011973099984063881
131,0.7172702666971419,0.7167859804153442,0.8546,0.7104974534988403,0.8579,0.00011671446699396674
132,0.7238957285563151,0.7176448152542114,0.8548,0.7117122937202454,0.8575,0.00011372071724991838
133,0.7735621450106303,0.7186136474609375,0.8562,0.7127023771286011,0.8571,0.00011075056906978136
134,0.713663681962755,0.7194795854568481,0.856,0.7138011587142944,0.8568,0.00010780483446241143
135,0.7460649631288316,0.7202821905136109,0.8558,0.714642956161499,0.8565,0.00010488431876223715
136,0.7006283651034038,0.7216110031127929,0.8568,0.7154083410263061,0.8561,0.00010198982040908991
137,0.6942965708255768,0.7226722164154052,0.8564,0.7165687315940857,0.8562,9.9122130729918e-05
138,0.709413889169693,0.7242130500793457,0.8564,0.7176233472824096,0.8563,9.628203372244603e-05
139,0.7321140104558733,0.7255717496871948,0.8556,0.7187824533462525,0.8564,9.34703058408377e-05
140,0.6926729759428236,0.7271105838775634,0.8546,0.7201415144920349,0.8557,9.06877157834208e-05
141,0.7095382603592343,0.7292315399169922,0.8554,0.7216328565597534,0.8558,8.793502428253302e-05
142,0.7073196928183237,0.7307783739089966,0.8546,0.7226021160125733,0.8554,8.521298389654545e-05
143,0.6993644725905525,0.7324499101638794,0.854,0.7237601928710937,0.8549,8.252233880412003e-05
144,0.6846897964636485,0.7343896444320679,0.8554,0.7250763818740845,0.8543,7.986382460075915e-05
145,0.701745863893297,0.7357390987396241,0.8558,0.7261614530563355,0.8548,7.723816809770093e-05
146,0.708753358025021,0.7372208227157593,0.855,0.7277460621833801,0.8546,7.464608712321628e-05
147,0.7163655405839284,0.7383176309585572,0.856,0.72910522108078,0.8547,7.208829032636185e-05
148,0.6864463812510172,0.7396483451843262,0.8548,0.7302947823524475,0.8551,6.956547698324248e-05
149,0.7165565452893575,0.7407002267837525,0.8552,0.7313594080924988,0.8552,6.707833680583611e-05
150,0.698524081601037,0.7413390899658203,0.8542,0.732258785533905,0.8555,6.462754975343313e-05
151,0.7145556991948022,0.7421618787765503,0.8534,0.7331694206237793,0.8558,6.221378584674278e-05
152,0.7101945193608602,0.7432426975250244,0.853,0.7339163083076478,0.8556,5.983770498471591e-05
153,0.7140651592254639,0.7440408683776856,0.8532,0.734511402130127,0.8563,5.7499956764135176e-05
154,0.6794468579398261,0.7453922500610352,0.853,0.7352669735908508,0.8563,5.520118030202177e-05
155,0.6942729534467061,0.746581346321106,0.8532,0.7361489874839783,0.8559,5.294200406090734e-05
156,0.6858981208324433,0.7478559230804444,0.8536,0.7371411876678466,0.8561,5.072304567701849e-05
157,0.706109539715449,0.7490963645935058,0.854,0.7381391809463501,0.856,4.854491179142107e-05
158,0.650355790233612,0.7504245519638062,0.8538,0.7389544985771179,0.8559,4.640819788417102e-05
159,0.7194738431082831,0.7517786876678467,0.854,0.7398182401657104,0.856,4.4313488111515644e-05
160,0.6611567948129442,0.7533849212646484,0.8544,0.7408765626907349,0.8554,4.226135514619113e-05
161,0.6755946948210398,0.7549515716552735,0.8526,0.7416041712760926,0.8565,4.025236002085981e-05
162,0.7035032591342926,0.7563122411727905,0.8518,0.7423419257164001,0.8563,3.8287051974729284e-05
163,0.7115373124175601,0.7573150226593017,0.8522,0.7429909776687622,0.8564,3.636596830339587e-05
164,0.687195932202869,0.7582757011413574,0.8522,0.7438135272979737,0.856,3.4489634211953396e-05
165,0.6506813463158078,0.7595249944686889,0.8534,0.7447442594528199,0.8557,3.265856267140742e-05
166,0.747895978058709,0.7604461820602417,0.8534,0.7453404641151429,0.8565,3.087325427843398e-05
167,0.6959653299331665,0.7614613647460937,0.8526,0.7456689678192139,0.8568,2.9134197118521514e-05
168,0.6519216494454277,0.7624974393844605,0.8524,0.7463428488731384,0.8566,2.7441866632533094e-05
169,0.6693020140329997,0.7635646165847778,0.8516,0.7467277235031128,0.8565,2.5796725486725926e-05
170,0.6901364006042481,0.7646584133148193,0.8512,0.747210730266571,0.8566,2.4199223446262527e-05
171,0.6644090402815077,0.7659102653503418,0.8502,0.7478106623649597,0.8561,2.2649797252249813e-05
172,0.6758868930339813,0.7671065113067627,0.8504,0.7484952882766723,0.8565,2.114887050233834e-05
173,0.7194320615079668,0.7680290391921997,0.8508,0.749047988986969,0.8567,1.9696853534914885e-05
174,0.6779174642562866,0.7688778345108033,0.8522,0.7494993714332581,0.8561,1.8294143316919995e-05
175,0.6842321494473351,0.7695893892288208,0.8522,0.7500045614242554,0.8557,1.694112333532129e-05
176,0.741776267751058,0.7701570568084717,0.8532,0.7504837361335754,0.8557,1.5638163492271914e-05
